<?xml version="1.0" encoding="UTF-8"?>
<objects serializationModel="Studio.02.01.00">
	<object class="EncodingSetting" id="{925f4b78-e340-4c47-b4de-d23064fe69a9}">
		<property name="encodingFormat">
			<value>3</value>
		</property>
		<property name="quality">
			<value>37</value>
		</property>
		<relationship name="platform">
			<destination>{afafe724-8722-4b46-a096-e71bd192aa74}</destination>
		</relationship>
		<relationship name="encodable">
			<destination>{afafe724-8722-4b46-a096-e71bd192aa74}</destination>
		</relationship>
	</object>
</objects>
