<?xml version="1.0" encoding="UTF-8"?>
<objects serializationModel="Studio.02.01.00">
	<object class="AudioFile" id="{640be435-743a-4501-a818-6ebb19afa5ab}">
		<property name="assetPath">
			<value>Supermarket_BGM_0.1faster.wav</value>
		</property>
		<property name="isStreaming">
			<value>true</value>
		</property>
		<property name="frequencyInKHz">
			<value>44.0999985</value>
		</property>
		<property name="channelCount">
			<value>2</value>
		</property>
		<property name="length">
			<value>82.951133786848075</value>
		</property>
		<relationship name="masterAssetFolder">
			<destination>{73b19a10-a478-4f29-a89b-363d7c61775c}</destination>
		</relationship>
	</object>
</objects>
